ID,Pred
2018_1104_1112,0.24056199731219002
2018_1104_1113,0.5319862223580892
2018_1104_1116,0.32907580163672806
2018_1104_1120,0.30093617873510353
2018_1104_1137,0.8025219797999076
2018_1104_1138,0.593013820177632
2018_1104_1139,0.47524578682924556
2018_1104_1153,0.1844962732195529
2018_1104_1155,0.37117169444108716
2018_1104_1158,0.8568876895471055
2018_1104_1166,0.45414258172468397
2018_1104_1168,0.8676639765802414
2018_1104_1172,0.6969554196715608
2018_1104_1181,0.18489628241743172
2018_1104_1196,0.4238507456449763
2018_1104_1199,0.4695983908251101
2018_1104_1209,0.8837245847545452
2018_1104_1211,0.18539072132833087
2018_1104_1222,0.35884468459740587
2018_1104_1233,0.8467857469503945
2018_1104_1242,0.1624563478447617
2018_1104_1243,0.4510408176836789
2018_1104_1246,0.27940601025149026
2018_1104_1252,0.9327834425206757
2018_1104_1254,0.9598470789937167
2018_1104_1260,0.5134716016011386
2018_1104_1267,0.7014710211084699
2018_1104_1274,0.5161324926781223
2018_1104_1276,0.2435583496797916
2018_1104_1277,0.14444506371302415
2018_1104_1281,0.5045875878113336
2018_1104_1285,0.8664331475974156
2018_1104_1293,0.8483602326827533
2018_1104_1300,0.9657523086594368
2018_1104_1301,0.5325693095073505
2018_1104_1305,0.25622941092464313
2018_1104_1308,0.5826796711696083
2018_1104_1314,0.2071337227883544
2018_1104_1326,0.2838910661636297
2018_1104_1328,0.4991820531423834
2018_1104_1335,0.8670265013198413
2018_1104_1344,0.5251280828922072
2018_1104_1345,0.13246909959771494
2018_1104_1347,0.935050195023379
2018_1104_1348,0.3810310100060859
2018_1104_1355,0.6334793360278427
2018_1104_1361,0.6598374138311247
2018_1104_1371,0.3900074731556271
2018_1104_1372,0.8757729828057832
2018_1104_1382,0.6154344856139762
2018_1104_1393,0.5355799688027563
2018_1104_1395,0.37269168892607785
2018_1104_1397,0.22811645827396362
2018_1104_1400,0.4988919496084537
2018_1104_1401,0.39085499497925924
2018_1104_1403,0.31645076638846775
2018_1104_1411,0.9391253119210946
2018_1104_1417,0.5248365090526093
2018_1104_1420,0.9223052541934991
2018_1104_1422,0.8546881519276298
2018_1104_1437,0.09551774246390488
2018_1104_1438,0.07866203969955739
2018_1104_1439,0.5000680954214604
2018_1104_1452,0.28026500721437253
2018_1104_1455,0.32162429168229884
2018_1104_1460,0.8781981406825629
2018_1104_1462,0.15867729515042214
2018_1112_1113,0.7748362734110117
2018_1112_1116,0.5889473927783109
2018_1112_1120,0.6005726682140793
2018_1112_1137,0.8703057862658956
2018_1112_1138,0.8159357182782181
2018_1112_1139,0.7162018411628734
2018_1112_1153,0.48410590317315594
2018_1112_1155,0.620389588199195
2018_1112_1158,0.9047811544619713
2018_1112_1166,0.7461356389634235
2018_1112_1168,0.968947867524244
2018_1112_1172,0.8763278188336787
2018_1112_1181,0.47713072492188563
2018_1112_1196,0.7168787168405483
2018_1112_1199,0.754467982561835
2018_1112_1209,0.9341121395844892
2018_1112_1211,0.49131900640477133
2018_1112_1222,0.6546873850661917
2018_1112_1233,0.9505340353843404
2018_1112_1242,0.37638303253750566
2018_1112_1243,0.7034050789631587
2018_1112_1246,0.5349701525624367
2018_1112_1252,0.9660530692541879
2018_1112_1254,0.98384988489501
2018_1112_1260,0.7913578065667041
2018_1112_1267,0.9063756669436043
2018_1112_1274,0.7644446549559615
2018_1112_1276,0.48654502698646485
2018_1112_1277,0.3306131642579756
2018_1112_1281,0.7787291425300263
2018_1112_1285,0.8778801508971824
2018_1112_1293,0.9283139177006683
2018_1112_1300,0.9849432052898887
2018_1112_1301,0.7619554214093601
2018_1112_1305,0.5832015086684229
2018_1112_1308,0.7531760641078588
2018_1112_1314,0.4307270552791809
2018_1112_1326,0.5704122945995841
2018_1112_1328,0.7366911745083519
2018_1112_1335,0.9123476555196449
2018_1112_1344,0.7593054423368711
2018_1112_1345,0.2815582503989764
2018_1112_1347,0.967945870878504
2018_1112_1348,0.6842100579877436
2018_1112_1355,0.8520919907019859
2018_1112_1361,0.8303699741335188
2018_1112_1371,0.6786139691747012
2018_1112_1372,0.9506320635740811
2018_1112_1382,0.8077732955304361
2018_1112_1393,0.7897697141176713
2018_1112_1395,0.6725176549452175
2018_1112_1397,0.48623120214946997
2018_1112_1400,0.7356710831057143
2018_1112_1401,0.6927533261984999
2018_1112_1403,0.5720109672997427
2018_1112_1411,0.9784063456051042
2018_1112_1417,0.7569703579585072
2018_1112_1420,0.9745555809594728
2018_1112_1422,0.8986167577812163
2018_1112_1437,0.23588493999466617
2018_1112_1438,0.2352614475220652
2018_1112_1439,0.7664722918377782
2018_1112_1452,0.5601254824528965
2018_1112_1455,0.6254833681026886
2018_1112_1460,0.9281818522375982
2018_1112_1462,0.3798838294638732
2018_1113_1116,0.3310180234495015
2018_1113_1120,0.297174179909316
2018_1113_1137,0.660148773708345
2018_1113_1138,0.5800852916991102
2018_1113_1139,0.4158354543142369
2018_1113_1153,0.18663481283744218
2018_1113_1155,0.3513717371627344
2018_1113_1158,0.7246532113189519
2018_1113_1166,0.4732280336270562
2018_1113_1168,0.8924367246213959
2018_1113_1172,0.6631498013579168
2018_1113_1181,0.2074521813009963
2018_1113_1196,0.42898597473208455
2018_1113_1199,0.4750327497981719
2018_1113_1209,0.7494748551132085
2018_1113_1211,0.22188883680698812
2018_1113_1222,0.39386731428335925
2018_1113_1233,0.8491153126185111
2018_1113_1242,0.16497347610113852
2018_1113_1243,0.4059846063648507
2018_1113_1246,0.2623372087985325
2018_1113_1252,0.8860199204349651
2018_1113_1254,0.9662640982594521
2018_1113_1260,0.41000253531151265
2018_1113_1267,0.6954740952468997
2018_1113_1274,0.46924388357232716
2018_1113_1276,0.2553526475561487
2018_1113_1277,0.14981744297269378
2018_1113_1281,0.46084079567531305
2018_1113_1285,0.7107122162934357
2018_1113_1293,0.768194951658314
2018_1113_1300,0.9696714644243779
2018_1113_1301,0.4876948798657636
2018_1113_1305,0.3017635680107217
2018_1113_1308,0.5781801355462729
2018_1113_1314,0.18476125750186803
2018_1113_1326,0.3105591376173556
2018_1113_1328,0.4433359980484311
2018_1113_1335,0.728547300605017
2018_1113_1344,0.45949788158858357
2018_1113_1345,0.15827033190847578
2018_1113_1347,0.8870945807517625
2018_1113_1348,0.39683504437315514
2018_1113_1355,0.6406070909479391
2018_1113_1361,0.5935981359021797
2018_1113_1371,0.3735255735806379
2018_1113_1372,0.8865845915937381
2018_1113_1382,0.47975609238243244
2018_1113_1393,0.5148729532547167
2018_1113_1395,0.35742606021018586
2018_1113_1397,0.2156653177120459
2018_1113_1400,0.4371343475693861
2018_1113_1401,0.38436042413894245
2018_1113_1403,0.3119637076086091
2018_1113_1411,0.9510752173570939
2018_1113_1417,0.47569182045220504
2018_1113_1420,0.9020225833138638
2018_1113_1422,0.699447666964066
2018_1113_1437,0.13142395203102888
2018_1113_1438,0.10429202601858052
2018_1113_1439,0.49034553928457486
2018_1113_1452,0.3007769687575232
2018_1113_1455,0.33162348914582307
2018_1113_1460,0.7387059550506131
2018_1113_1462,0.1665909425272238
2018_1116_1120,0.4697641435206742
2018_1116_1137,0.8416673193155553
2018_1116_1138,0.710336046525644
2018_1116_1139,0.5903573174538871
2018_1116_1153,0.33436378935343997
2018_1116_1155,0.5188309497317871
2018_1116_1158,0.9178736576790761
2018_1116_1166,0.6266512601356967
2018_1116_1168,0.9474117278916031
2018_1116_1172,0.7633597457580201
2018_1116_1181,0.30168400947900814
2018_1116_1196,0.5847048084945498
2018_1116_1199,0.6301582236903891
2018_1116_1209,0.9284945460261856
2018_1116_1211,0.3340588060286658
2018_1116_1222,0.5966296491321158
2018_1116_1233,0.9188327101851176
2018_1116_1242,0.2702429686780531
2018_1116_1243,0.6175500691843373
2018_1116_1246,0.40093634808097484
2018_1116_1252,0.9599008408008561
2018_1116_1254,0.9769959675137335
2018_1116_1260,0.6830895801425874
2018_1116_1267,0.8424247091796775
2018_1116_1274,0.6469539816479438
2018_1116_1276,0.36593973295918125
2018_1116_1277,0.2481884548263859
2018_1116_1281,0.6124177195404302
2018_1116_1285,0.9002034078985897
2018_1116_1293,0.9029864393828907
2018_1116_1300,0.9812818610204779
2018_1116_1301,0.6978163695942955
2018_1116_1305,0.4325855295463715
2018_1116_1308,0.7027696439446874
2018_1116_1314,0.2904784519418853
2018_1116_1326,0.431214925773359
2018_1116_1328,0.675791877555955
2018_1116_1335,0.9277476730328933
2018_1116_1344,0.6631568051134705
2018_1116_1345,0.23327428180107423
2018_1116_1347,0.9609298471220808
2018_1116_1348,0.5486720076705516
2018_1116_1355,0.741223401980585
2018_1116_1361,0.8044319048544506
2018_1116_1371,0.5590059304634998
2018_1116_1372,0.91763499857707
2018_1116_1382,0.6959597459418011
2018_1116_1393,0.6719129425140069
2018_1116_1395,0.47112423532316694
2018_1116_1397,0.3444389053601353
2018_1116_1400,0.6092636845035819
2018_1116_1401,0.5920942699268071
2018_1116_1403,0.4223475816306026
2018_1116_1411,0.9703981925263402
2018_1116_1417,0.6585740361505764
2018_1116_1420,0.9599242720904534
2018_1116_1422,0.9026341889904401
2018_1116_1437,0.17330570532936185
2018_1116_1438,0.17086235847978645
2018_1116_1439,0.6704402276239021
2018_1116_1452,0.43561724947068714
2018_1116_1455,0.5221376959013404
2018_1116_1460,0.9368679981518166
2018_1116_1462,0.26970024411699256
2018_1120_1137,0.871781327224465
2018_1120_1138,0.7704306857517581
2018_1120_1139,0.6193973917359177
2018_1120_1153,0.35812706354576573
2018_1120_1155,0.5563956382023203
2018_1120_1158,0.8968027101773661
2018_1120_1166,0.6699094534697466
2018_1120_1168,0.9600831660148611
2018_1120_1172,0.839833479503577
2018_1120_1181,0.33862322338290896
2018_1120_1196,0.623103566137396
2018_1120_1199,0.6869197954300378
2018_1120_1209,0.9291920612885418
2018_1120_1211,0.3804858961979908
2018_1120_1222,0.6216362757387369
2018_1120_1233,0.9474117278916031
2018_1120_1242,0.2956256760781874
2018_1120_1243,0.6852195756637746
2018_1120_1246,0.4377002128496288
2018_1120_1252,0.9498436693208063
2018_1120_1254,0.9828469645507422
2018_1120_1260,0.6795392649151751
2018_1120_1267,0.9004335644011061
2018_1120_1274,0.6936625305706886
2018_1120_1276,0.4152359523448663
2018_1120_1277,0.3047097463740356
2018_1120_1281,0.6845708289860251
2018_1120_1285,0.8477349582612411
2018_1120_1293,0.8734829857847773
2018_1120_1300,0.9840760834363685
2018_1120_1301,0.6924947250134957
2018_1120_1305,0.5296497905000468
2018_1120_1308,0.781212258061994
2018_1120_1314,0.3635697667685665
2018_1120_1326,0.47361384433353043
2018_1120_1328,0.6988975861298072
2018_1120_1335,0.9084879130185787
2018_1120_1344,0.6972963530208225
2018_1120_1345,0.2726207885495198
2018_1120_1347,0.9501661951412957
2018_1120_1348,0.6017373064073495
2018_1120_1355,0.7957183387165587
2018_1120_1361,0.7827978967577581
2018_1120_1371,0.5757893116962314
2018_1120_1372,0.9540879115060251
2018_1120_1382,0.7428329031141045
2018_1120_1393,0.7323133294282731
2018_1120_1395,0.5606372877182654
2018_1120_1397,0.3645370277730711
2018_1120_1400,0.6309107235378291
2018_1120_1401,0.5868857261898276
2018_1120_1403,0.5336749408532884
2018_1120_1411,0.972461918785947
2018_1120_1417,0.695495905827756
2018_1120_1420,0.9478603261277712
2018_1120_1422,0.8735202518392566
2018_1120_1437,0.20759689472848916
2018_1120_1438,0.18258061458371552
2018_1120_1439,0.6870087515725265
2018_1120_1452,0.5029397789643916
2018_1120_1455,0.5451955027529162
2018_1120_1460,0.9124085697146247
2018_1120_1462,0.29289785005577806
2018_1137_1138,0.4166165629683277
2018_1137_1139,0.3317610881974925
2018_1137_1153,0.07088003780083112
2018_1137_1155,0.2146646259424676
2018_1137_1158,0.5735578909549442
2018_1137_1166,0.41507454643327296
2018_1137_1168,0.7531864418900681
2018_1137_1172,0.5232879431864352
2018_1137_1181,0.06299328188552249
2018_1137_1196,0.29176078259675753
2018_1137_1199,0.43092677126131096
2018_1137_1209,0.6343701747236906
2018_1137_1211,0.08318090391894159
2018_1137_1222,0.1975346364369519
2018_1137_1233,0.682341606954929
2018_1137_1242,0.05586886775672649
2018_1137_1243,0.3018997925455191
2018_1137_1246,0.13314211839064638
2018_1137_1252,0.7596881429305516
2018_1137_1254,0.9175940086556035
2018_1137_1260,0.3116455322210325
2018_1137_1267,0.5276173806811861
2018_1137_1274,0.30994997624507303
2018_1137_1276,0.09601047822897392
2018_1137_1277,0.04662298967615559
2018_1137_1281,0.397888974836825
2018_1137_1285,0.5522796511742973
2018_1137_1293,0.541297181678192
2018_1137_1300,0.9716344032717315
2018_1137_1301,0.3681488159970517
2018_1137_1305,0.11228242628503086
2018_1137_1308,0.3452352253106307
2018_1137_1314,0.0793772044813755
2018_1137_1326,0.14815845442472378
2018_1137_1328,0.41221876627154386
2018_1137_1335,0.6120512723826962
2018_1137_1344,0.32203794603301705
2018_1137_1345,0.05836650693389718
2018_1137_1347,0.7680576125396295
2018_1137_1348,0.2596727007280439
2018_1137_1355,0.47494569902982436
2018_1137_1361,0.4509597634223755
2018_1137_1371,0.2513129659630533
2018_1137_1372,0.6559051137237847
2018_1137_1382,0.37944627802649805
2018_1137_1393,0.39109908050165254
2018_1137_1395,0.21785012840686455
2018_1137_1397,0.1261012193071931
2018_1137_1400,0.3532905663925461
2018_1137_1401,0.30644635257059416
2018_1137_1403,0.1331514484584653
2018_1137_1411,0.8779859901953524
2018_1137_1417,0.3218425511245635
2018_1137_1420,0.7426057486206887
2018_1137_1422,0.5803577518533178
2018_1137_1437,0.04306179376108639
2018_1137_1438,0.033932017772990646
2018_1137_1439,0.38265003997880714
2018_1137_1452,0.14815845442472378
2018_1137_1455,0.20413463088890266
2018_1137_1460,0.6377582849188477
2018_1137_1462,0.07665674332305127
2018_1138_1139,0.42749613062388625
2018_1138_1153,0.13319930783456216
2018_1138_1155,0.28735175225014964
2018_1138_1158,0.7033425424611911
2018_1138_1166,0.5175276682689478
2018_1138_1168,0.8483353949182987
2018_1138_1172,0.5981046983177334
2018_1138_1181,0.10767848026088776
2018_1138_1196,0.44400280787047985
2018_1138_1199,0.5175276682689478
2018_1138_1209,0.7598907635528741
2018_1138_1211,0.15579333000164125
2018_1138_1222,0.31481872903212615
2018_1138_1233,0.7772114689292452
2018_1138_1242,0.09061300802548797
2018_1138_1243,0.39628582425507236
2018_1138_1246,0.18828188471564183
2018_1138_1252,0.8440715136786273
2018_1138_1254,0.9541012226238099
2018_1138_1260,0.4306617256811773
2018_1138_1267,0.6496269958912865
2018_1138_1274,0.4310753241480638
2018_1138_1276,0.15359671741875952
2018_1138_1277,0.08258702966269352
2018_1138_1281,0.4903602618515206
2018_1138_1285,0.6428409063438997
2018_1138_1293,0.6602473232621084
2018_1138_1300,0.9816789401311494
2018_1138_1301,0.4483998588544512
2018_1138_1305,0.22279867196452272
2018_1138_1308,0.4382389906426936
2018_1138_1314,0.14586221273507202
2018_1138_1326,0.19659361457050117
2018_1138_1328,0.5225024690110901
2018_1138_1335,0.7054275315657401
2018_1138_1344,0.38592844337506216
2018_1138_1345,0.0635123124712728
2018_1138_1347,0.8526316879287337
2018_1138_1348,0.38151824651197735
2018_1138_1355,0.5622683621012766
2018_1138_1361,0.5476237835573158
2018_1138_1371,0.3681488159970517
2018_1138_1372,0.7597297752163249
2018_1138_1382,0.489314146510451
2018_1138_1393,0.5386124297021792
2018_1138_1395,0.3054508420056251
2018_1138_1397,0.14833407026570816
2018_1138_1400,0.46417952754372555
2018_1138_1401,0.4258358531019645
2018_1138_1403,0.23741680167626894
2018_1138_1411,0.921061322615539
2018_1138_1417,0.4483998588544512
2018_1138_1420,0.8627200167784703
2018_1138_1422,0.6630691437757623
2018_1138_1437,0.046944202987290684
2018_1138_1438,0.05600356818252533
2018_1138_1439,0.5161137231742519
2018_1138_1452,0.19665958443360335
2018_1138_1455,0.3240976086023883
2018_1138_1460,0.7473600351967769
2018_1138_1462,0.09451318307854321
2018_1139_1153,0.24524246115789058
2018_1139_1155,0.4291018182524663
2018_1139_1158,0.8869420596596055
2018_1139_1166,0.5357453666376044
2018_1139_1168,0.9135175906518778
2018_1139_1172,0.7117287384732583
2018_1139_1181,0.2565917055782501
2018_1139_1196,0.4899728389694964
2018_1139_1199,0.5551086873542048
2018_1139_1209,0.905239517160293
2018_1139_1211,0.2575325124817713
2018_1139_1222,0.5047106637891361
2018_1139_1233,0.9307086393546795
2018_1139_1242,0.21362841395037602
2018_1139_1243,0.4724964479976429
2018_1139_1246,0.3345724542429068
2018_1139_1252,0.9506950337371881
2018_1139_1254,0.9662770733094919
2018_1139_1260,0.5859162639458695
2018_1139_1267,0.7913235550226317
2018_1139_1274,0.5754004971287441
2018_1139_1276,0.283435767971567
2018_1139_1277,0.17349208576868355
2018_1139_1281,0.5829900778226504
2018_1139_1285,0.8798555493572785
2018_1139_1293,0.8776449878983529
2018_1139_1300,0.9700907918770626
2018_1139_1301,0.580801279479884
2018_1139_1305,0.35904767362732
2018_1139_1308,0.6595534796356277
2018_1139_1314,0.25976425326377933
2018_1139_1326,0.3859448981632217
2018_1139_1328,0.5389581544647016
2018_1139_1335,0.8948749215337262
2018_1139_1344,0.5317717461416666
2018_1139_1345,0.19083570875031752
2018_1139_1347,0.9548947829443414
2018_1139_1348,0.5016838081928013
2018_1139_1355,0.7004726276692685
2018_1139_1361,0.6892980176181913
2018_1139_1371,0.461027359111612
2018_1139_1372,0.911979870933353
2018_1139_1382,0.6222253407762579
2018_1139_1393,0.6014435166312787
2018_1139_1395,0.420246229862963
2018_1139_1397,0.27940601025149026
2018_1139_1400,0.5689669059669552
2018_1139_1401,0.45705510887200573
2018_1139_1403,0.4029741200143676
2018_1139_1411,0.9611900000209334
2018_1139_1417,0.6200262474009716
2018_1139_1420,0.9383157978976191
2018_1139_1422,0.8742567457029986
2018_1139_1437,0.16112404131934388
2018_1139_1438,0.11444097043469557
2018_1139_1439,0.5629882636192204
2018_1139_1452,0.37438158904562696
2018_1139_1455,0.4047943416135819
2018_1139_1460,0.9186141167810243
2018_1139_1462,0.22796557316207774
2018_1153_1155,0.7199943791555232
2018_1153_1158,0.9408804504596395
2018_1153_1166,0.7399592921398086
2018_1153_1168,0.9607048839608957
2018_1153_1172,0.8652554606274692
2018_1153_1181,0.4278724747086374
2018_1153_1196,0.765444008795124
2018_1153_1199,0.7685236603205737
2018_1153_1209,0.9520190119757627
2018_1153_1211,0.5080962944998095
2018_1153_1222,0.6973699245146416
2018_1153_1233,0.9525404484704976
2018_1153_1242,0.36048841283190647
2018_1153_1243,0.7834603985884583
2018_1153_1246,0.636217441480526
2018_1153_1252,0.9637572510780551
2018_1153_1254,0.9822158094259105
2018_1153_1260,0.7954483120041006
2018_1153_1267,0.9305486100884237
2018_1153_1274,0.8103148591123679
2018_1153_1276,0.5367378521339471
2018_1153_1277,0.37440095268568424
2018_1153_1281,0.7810260188021192
2018_1153_1285,0.9148048084320791
2018_1153_1293,0.9246042326318132
2018_1153_1300,0.9859299845611045
2018_1153_1301,0.8180270952052082
2018_1153_1305,0.6071719536663504
2018_1153_1308,0.7988004595601159
2018_1153_1314,0.4462532510498072
2018_1153_1326,0.6191728434974967
2018_1153_1328,0.7928744960642886
2018_1153_1335,0.950176674823581
2018_1153_1344,0.7985401772988816
2018_1153_1345,0.365294374236998
2018_1153_1347,0.964813753885819
2018_1153_1348,0.7200313831895725
2018_1153_1355,0.8660135816139191
2018_1153_1361,0.8594281268434151
2018_1153_1371,0.754070405660777
2018_1153_1372,0.9570790596596647
2018_1153_1382,0.7929385128797785
2018_1153_1393,0.8115890189870243
2018_1153_1395,0.724919232254224
2018_1153_1397,0.5349307570468627
2018_1153_1400,0.8045893242788258
2018_1153_1401,0.6908226560270732
2018_1153_1403,0.6109467456816784
2018_1153_1411,0.9683483602595664
2018_1153_1417,0.8052916937806701
2018_1153_1420,0.9676967539415159
2018_1153_1422,0.9351145892350142
2018_1153_1437,0.2744911066338261
2018_1153_1438,0.2986419829398472
2018_1153_1439,0.8024913041759366
2018_1153_1452,0.6035852000263185
2018_1153_1455,0.6438703976249944
2018_1153_1460,0.9600153166814325
2018_1153_1462,0.39992344822349046
2018_1155_1158,0.8327424858270308
2018_1155_1166,0.5781687957833112
2018_1155_1168,0.9425666444976529
2018_1155_1172,0.7919216737603326
2018_1155_1181,0.2639554807540113
2018_1155_1196,0.5680108692501199
2018_1155_1199,0.5943592047664803
2018_1155_1209,0.8963490857510307
2018_1155_1211,0.3057036980079428
2018_1155_1222,0.6027021992643392
2018_1155_1233,0.8951941577418956
2018_1155_1242,0.2480148434451921
2018_1155_1243,0.573512079823265
2018_1155_1246,0.3733378663340979
2018_1155_1252,0.9380657274332398
2018_1155_1254,0.978137799162414
2018_1155_1260,0.6583291593610384
2018_1155_1267,0.8470559594702106
2018_1155_1274,0.6316721667949063
2018_1155_1276,0.3433271843438993
2018_1155_1277,0.24154276276761052
2018_1155_1281,0.6118857834465457
2018_1155_1285,0.7679663351579809
2018_1155_1293,0.8987581939907981
2018_1155_1300,0.9813764257345867
2018_1155_1301,0.650113012253678
2018_1155_1305,0.5070506654110898
2018_1155_1308,0.6769388756512972
2018_1155_1314,0.29721670445070514
2018_1155_1326,0.41491611753135355
2018_1155_1328,0.6166597792138724
2018_1155_1335,0.8569430056432835
2018_1155_1344,0.641770969430073
2018_1155_1345,0.22043863305965541
2018_1155_1347,0.9337023914658111
2018_1155_1348,0.5932014510301029
2018_1155_1355,0.7230669718612017
2018_1155_1361,0.7549837873111584
2018_1155_1371,0.5437128571182176
2018_1155_1372,0.9163882855328845
2018_1155_1382,0.6479578117570003
2018_1155_1393,0.6301906234040173
2018_1155_1395,0.5139011829862469
2018_1155_1397,0.3384185944866391
2018_1155_1400,0.554049540461529
2018_1155_1401,0.5204168766626796
2018_1155_1403,0.4311044268474409
2018_1155_1411,0.9685627566684788
2018_1155_1417,0.641678632225746
2018_1155_1420,0.9577774456629518
2018_1155_1422,0.804205037292254
2018_1155_1437,0.1685840797478621
2018_1155_1438,0.16614572010832326
2018_1155_1439,0.6417175414143443
2018_1155_1452,0.4122550102004722
2018_1155_1455,0.4489526769212241
2018_1155_1460,0.9153080886599894
2018_1155_1462,0.24408314678190196
2018_1158_1166,0.27101640465232557
2018_1158_1168,0.6804848508431546
2018_1158_1172,0.4075820042966006
2018_1158_1181,0.05169188860448176
2018_1158_1196,0.20997220350007645
2018_1158_1199,0.2750760188582472
2018_1158_1209,0.5504525781325119
2018_1158_1211,0.04924164113815792
2018_1158_1222,0.12817091233550065
2018_1158_1233,0.6051144059042805
2018_1158_1242,0.041524886065016926
2018_1158_1243,0.23799634220943033
2018_1158_1246,0.10594447019143692
2018_1158_1252,0.6415552649962645
2018_1158_1254,0.890718003225496
2018_1158_1260,0.24636699424715605
2018_1158_1267,0.48032729510425404
2018_1158_1274,0.2698415005720959
2018_1158_1276,0.08915766158400616
2018_1158_1277,0.04199964425702318
2018_1158_1281,0.3169798983512068
2018_1158_1285,0.48419066402428784
2018_1158_1293,0.4850098019019759
2018_1158_1300,0.9490920014674942
2018_1158_1301,0.2890898954911043
2018_1158_1305,0.10099515571287881
2018_1158_1308,0.23333546039765912
2018_1158_1314,0.046744245786241534
2018_1158_1326,0.12695814458644558
2018_1158_1328,0.2833425028383163
2018_1158_1335,0.5244329827087388
2018_1158_1344,0.22095382510643985
2018_1158_1345,0.04271225564757807
2018_1158_1347,0.6626431267321189
2018_1158_1348,0.12326365552360966
2018_1158_1355,0.3722641324139094
2018_1158_1361,0.3670284187398145
2018_1158_1371,0.2072510468632901
2018_1158_1372,0.6289227386760813
2018_1158_1382,0.265069842599476
2018_1158_1393,0.2888345959195432
2018_1158_1395,0.19501725488131222
2018_1158_1397,0.06469330322329803
2018_1158_1400,0.27492898708039054
2018_1158_1401,0.20241538016511715
2018_1158_1403,0.10401541942096697
2018_1158_1411,0.8497637559521699
2018_1158_1417,0.2618313395467722
2018_1158_1420,0.7302774663737448
2018_1158_1422,0.4880762590722812
2018_1158_1437,0.03322225265642337
2018_1158_1438,0.030570120510499312
2018_1158_1439,0.33611521773650577
2018_1158_1452,0.0975241038594275
2018_1158_1455,0.10767848026088776
2018_1158_1460,0.5553850874453652
2018_1158_1462,0.041233745269410156
2018_1166_1168,0.8933994130221868
2018_1166_1172,0.6873476329438786
2018_1166_1181,0.21855204066260336
2018_1166_1196,0.44468103966592976
2018_1166_1199,0.5265889368688668
2018_1166_1209,0.8133255507608292
2018_1166_1211,0.2234036709409131
2018_1166_1222,0.42966382494766586
2018_1166_1233,0.8817817641645855
2018_1166_1242,0.18494922906030692
2018_1166_1243,0.4866299020123186
2018_1166_1246,0.3073215131428667
2018_1166_1252,0.8929634542265067
2018_1166_1254,0.9664399710104239
2018_1166_1260,0.53410885670157
2018_1166_1267,0.7098496317021433
2018_1166_1274,0.4705912017245295
2018_1166_1276,0.27361719764631287
2018_1166_1277,0.1577649867596893
2018_1166_1281,0.5121229931865857
2018_1166_1285,0.7110922056312786
2018_1166_1293,0.8264443348390871
2018_1166_1300,0.9696714644243779
2018_1166_1301,0.5847516794837222
2018_1166_1305,0.3338306633905041
2018_1166_1308,0.6066936002006815
2018_1166_1314,0.21929110435078009
2018_1166_1326,0.3029530759780729
2018_1166_1328,0.48197457746893735
2018_1166_1335,0.7910140708517148
2018_1166_1344,0.5250168063478046
2018_1166_1345,0.16956565284289274
2018_1166_1347,0.8944920377151371
2018_1166_1348,0.4260507651292404
2018_1166_1355,0.6406070909479391
2018_1166_1361,0.6318719949477872
2018_1166_1371,0.4196655482377879
2018_1166_1372,0.911979870933353
2018_1166_1382,0.5814022412501231
2018_1166_1393,0.5899549941277454
2018_1166_1395,0.3792601559220151
2018_1166_1397,0.23177459301973768
2018_1166_1400,0.5037010111972033
2018_1166_1401,0.4200771654565052
2018_1166_1403,0.330577761387354
2018_1166_1411,0.9510752173570939
2018_1166_1417,0.5704117563813073
2018_1166_1420,0.9356357833332911
2018_1166_1422,0.6986987630852985
2018_1166_1437,0.14753004781675758
2018_1166_1438,0.11334961456699218
2018_1166_1439,0.5214014198683102
2018_1166_1452,0.3151808880986737
2018_1166_1455,0.3680505070131272
2018_1166_1460,0.8329167975214516
2018_1166_1462,0.1918475532442303
2018_1168_1172,0.2066717117238561
2018_1168_1181,0.031854721801493825
2018_1168_1196,0.06261894955415105
2018_1168_1199,0.061240831358979446
2018_1168_1209,0.39123221925769763
2018_1168_1211,0.03192006927170428
2018_1168_1222,0.08023352365706997
2018_1168_1233,0.42621936536801697
2018_1168_1242,0.027281710717099162
2018_1168_1243,0.09253636824170844
2018_1168_1246,0.05644912778910358
2018_1168_1252,0.500713521501188
2018_1168_1254,0.7646396229382908
2018_1168_1260,0.1341051097451626
2018_1168_1267,0.29997168250335515
2018_1168_1274,0.0952934786914482
2018_1168_1276,0.042425266453506555
2018_1168_1277,0.02657750042417601
2018_1168_1281,0.08979472476117369
2018_1168_1285,0.2787507315268217
2018_1168_1293,0.2607515024539295
2018_1168_1300,0.8835726616572136
2018_1168_1301,0.11115094275209597
2018_1168_1305,0.05507300629763411
2018_1168_1308,0.12881270339785553
2018_1168_1314,0.032035997689971875
2018_1168_1326,0.03905550601223661
2018_1168_1328,0.10650193361359162
2018_1168_1335,0.41198781617381103
2018_1168_1344,0.11177657761883575
2018_1168_1345,0.028095330798222358
2018_1168_1347,0.5392025640662648
2018_1168_1348,0.07860980267640676
2018_1168_1355,0.20857290226715147
2018_1168_1361,0.18046420631998666
2018_1168_1371,0.08333031438202856
2018_1168_1372,0.40375448245277523
2018_1168_1382,0.1639141705863583
2018_1168_1393,0.09313451290321463
2018_1168_1395,0.06135975818369018
2018_1168_1397,0.0367841115978593
2018_1168_1400,0.09004873435281305
2018_1168_1401,0.06267607318361039
2018_1168_1403,0.04046847022709873
2018_1168_1411,0.7246098823902096
2018_1168_1417,0.10613021114660781
2018_1168_1420,0.5945372354604108
2018_1168_1422,0.28637238200854603
2018_1168_1437,0.020459378401676085
2018_1168_1438,0.020124002478959322
2018_1168_1439,0.11473000552355064
2018_1168_1452,0.040348115358466
2018_1168_1455,0.048768760502841006
2018_1168_1460,0.37266183617393117
2018_1168_1462,0.027281710717099162
2018_1172_1181,0.088818439906739
2018_1172_1196,0.2842516566128301
2018_1172_1199,0.3576321677413571
2018_1172_1209,0.6859775108058299
2018_1172_1211,0.13334554735455068
2018_1172_1222,0.2561141154281003
2018_1172_1233,0.7545518144250087
2018_1172_1242,0.08758616099892964
2018_1172_1243,0.3131823622829833
2018_1172_1246,0.1729608912866138
2018_1172_1252,0.8012604335773482
2018_1172_1254,0.9297380999694089
2018_1172_1260,0.3531221921711042
2018_1172_1267,0.5508803155142722
2018_1172_1274,0.36327656409368786
2018_1172_1276,0.14137765038937541
2018_1172_1277,0.0769727944164931
2018_1172_1281,0.30622369793788345
2018_1172_1285,0.6077012968156165
2018_1172_1293,0.6260310566100682
2018_1172_1300,0.9760237202481545
2018_1172_1301,0.380848813278037
2018_1172_1305,0.20393312623645946
2018_1172_1308,0.36712203573066887
2018_1172_1314,0.107294010777761
2018_1172_1326,0.13558132117741617
2018_1172_1328,0.2981938508401799
2018_1172_1335,0.6268877063758321
2018_1172_1344,0.3231771399016738
2018_1172_1345,0.06287937016412971
2018_1172_1347,0.7983591387373928
2018_1172_1348,0.285594547181148
2018_1172_1355,0.46246082526566573
2018_1172_1361,0.46961809136370825
2018_1172_1371,0.2624698322081173
2018_1172_1372,0.6903016916819217
2018_1172_1382,0.3900618598642939
2018_1172_1393,0.35422443199488207
2018_1172_1395,0.24504986458559072
2018_1172_1397,0.12158781954112377
2018_1172_1400,0.2654999853299502
2018_1172_1401,0.25089874316239474
2018_1172_1403,0.15989953052442774
2018_1172_1411,0.9104986006393061
2018_1172_1417,0.36495054047990205
2018_1172_1420,0.8099896721622237
2018_1172_1422,0.618790932856808
2018_1172_1437,0.04365737785696077
2018_1172_1438,0.05212958864644113
2018_1172_1439,0.3932373717987371
2018_1172_1452,0.13757465546750255
2018_1172_1455,0.2238715496458384
2018_1172_1460,0.6711672062709153
2018_1172_1462,0.0920037966074681
2018_1181_1196,0.7782805814640237
2018_1181_1199,0.8007034778963829
2018_1181_1209,0.9676887345489477
2018_1181_1211,0.6257568318821541
2018_1181_1222,0.77976454170794
2018_1181_1233,0.9582842767568669
2018_1181_1242,0.4058684659580107
2018_1181_1243,0.7558159623606702
2018_1181_1246,0.6688408574260897
2018_1181_1252,0.9758246715133178
2018_1181_1254,0.984376723471798
2018_1181_1260,0.7752598368407063
2018_1181_1267,0.9292766421144381
2018_1181_1274,0.8089541333276782
2018_1181_1276,0.5710295815166245
2018_1181_1277,0.46900966530840815
2018_1181_1281,0.8352125279779519
2018_1181_1285,0.9410033023134262
2018_1181_1293,0.9597168308012087
2018_1181_1300,0.9836202029654388
2018_1181_1301,0.8193332260873861
2018_1181_1305,0.6289056719919747
2018_1181_1308,0.8277635675186131
2018_1181_1314,0.5067953702053809
2018_1181_1326,0.6043550736713453
2018_1181_1328,0.7966837432863244
2018_1181_1335,0.9501795952642395
2018_1181_1344,0.8088936469539001
2018_1181_1345,0.4042743494358453
2018_1181_1347,0.9662474607940684
2018_1181_1348,0.7621036206838294
2018_1181_1355,0.9043744455759204
2018_1181_1361,0.8979781875020396
2018_1181_1371,0.7639807744344705
2018_1181_1372,0.9622323915568702
2018_1181_1382,0.8354997884201047
2018_1181_1393,0.8226084524312497
2018_1181_1395,0.7486707017116253
2018_1181_1397,0.5372382536394782
2018_1181_1400,0.8350633548224556
2018_1181_1401,0.7238814440372682
2018_1181_1403,0.649191356733264
2018_1181_1411,0.9763718924053842
2018_1181_1417,0.8020388963711785
2018_1181_1420,0.9755092464758204
2018_1181_1422,0.9550490463437822
2018_1181_1437,0.3365007198587059
2018_1181_1438,0.2657813587511215
2018_1181_1439,0.8412569270109933
2018_1181_1452,0.5920722907323162
2018_1181_1455,0.709279088464998
2018_1181_1460,0.9633466802747338
2018_1181_1462,0.4096660527417974
2018_1196_1199,0.5652026452196105
2018_1196_1209,0.8991695154213658
2018_1196_1211,0.25445720792468873
2018_1196_1222,0.4592073029765956
2018_1196_1233,0.8984792549708931
2018_1196_1242,0.20814654064537458
2018_1196_1243,0.5278252734293747
2018_1196_1246,0.3256481724075598
2018_1196_1252,0.9506950337371881
2018_1196_1254,0.9662770733094919
2018_1196_1260,0.6075147880937682
2018_1196_1267,0.7240248744368678
2018_1196_1274,0.5777787754732944
2018_1196_1276,0.3038975958698545
2018_1196_1277,0.1704579080270697
2018_1196_1281,0.5555159239981919
2018_1196_1285,0.8798555493572785
2018_1196_1293,0.8781981406825629
2018_1196_1300,0.9696117791395754
2018_1196_1301,0.6178694134205308
2018_1196_1305,0.40909760424064184
2018_1196_1308,0.69330578105016
2018_1196_1314,0.2551348224088333
2018_1196_1326,0.3756157033437355
2018_1196_1328,0.5239470440246218
2018_1196_1335,0.8879056669184797
2018_1196_1344,0.5856158324671865
2018_1196_1345,0.1836764961859478
2018_1196_1347,0.952388582706985
2018_1196_1348,0.5346805790972109
2018_1196_1355,0.683848299679501
2018_1196_1361,0.6892980176181913
2018_1196_1371,0.4800495420504395
2018_1196_1372,0.8849673575638791
2018_1196_1382,0.6669703033789418
2018_1196_1393,0.6034907695735753
2018_1196_1395,0.4241401879524467
2018_1196_1397,0.2693667800627746
2018_1196_1400,0.5276630023997059
2018_1196_1401,0.4821881665058884
2018_1196_1403,0.38720832113466963
2018_1196_1411,0.9536445128501658
2018_1196_1417,0.578695093860467
2018_1196_1420,0.9382927516484905
2018_1196_1422,0.8798555493572785
2018_1196_1437,0.146245588268003
2018_1196_1438,0.11586304930166917
2018_1196_1439,0.6128960245148438
2018_1196_1452,0.3633899272954541
2018_1196_1455,0.3874892794498745
2018_1196_1460,0.8948749215337262
2018_1196_1462,0.221332267192159
2018_1199_1209,0.797718820313558
2018_1199_1211,0.22188883680698812
2018_1199_1222,0.3887920123340828
2018_1199_1233,0.8491153126185111
2018_1199_1242,0.17998250412284503
2018_1199_1243,0.4376816896409731
2018_1199_1246,0.278474052921969
2018_1199_1252,0.8911744584715555
2018_1199_1254,0.9662640982594521
2018_1199_1260,0.5280043455666876
2018_1199_1267,0.6954740952468997
2018_1199_1274,0.49970390034036144
2018_1199_1276,0.27426557849806504
2018_1199_1277,0.1614652478508106
2018_1199_1281,0.5015981290668083
2018_1199_1285,0.7107122162934357
2018_1199_1293,0.8720329733193164
2018_1199_1300,0.9696714644243779
2018_1199_1301,0.5214014198683102
2018_1199_1305,0.32258971976318
2018_1199_1308,0.605911207435288
2018_1199_1314,0.20905883445945284
2018_1199_1326,0.3151808880986737
2018_1199_1328,0.4792089791558001
2018_1199_1335,0.7406434779080906
2018_1199_1344,0.5298134295688008
2018_1199_1345,0.15827033190847578
2018_1199_1347,0.8870945807517625
2018_1199_1348,0.40795962000279146
2018_1199_1355,0.6419043466057602
2018_1199_1361,0.6313702310604735
2018_1199_1371,0.40520702396958136
2018_1199_1372,0.8865845915937381
2018_1199_1382,0.5706867754318785
2018_1199_1393,0.5647976754589592
2018_1199_1395,0.3702521968929933
2018_1199_1397,0.247031317381269
2018_1199_1400,0.4777663416507856
2018_1199_1401,0.4172030406446081
2018_1199_1403,0.3119637076086091
2018_1199_1411,0.9507333764333727
2018_1199_1417,0.5602851202323798
2018_1199_1420,0.9349682341712211
2018_1199_1422,0.7610911960400188
2018_1199_1437,0.13644527433605233
2018_1199_1438,0.10784396272757767
2018_1199_1439,0.5086658097248886
2018_1199_1452,0.3007769687575232
2018_1199_1455,0.3641150266976762
2018_1199_1460,0.797767236067116
2018_1199_1462,0.17716082494507812
2018_1209_1211,0.053064780368439216
2018_1209_1222,0.1332074682676045
2018_1209_1233,0.5540232639489813
2018_1209_1242,0.03232316124416616
2018_1209_1243,0.1899887137064602
2018_1209_1246,0.06913072436796706
2018_1209_1252,0.658257514570411
2018_1209_1254,0.8447425126340423
2018_1209_1260,0.2049749034832083
2018_1209_1267,0.38060179422093887
2018_1209_1274,0.20028907680824193
2018_1209_1276,0.08032354817106258
2018_1209_1277,0.03604025531836318
2018_1209_1281,0.19177413986493402
2018_1209_1285,0.3773260965648515
2018_1209_1293,0.4071540429498296
2018_1209_1300,0.9466980295606908
2018_1209_1301,0.21847152752560148
2018_1209_1305,0.08229232927310455
2018_1209_1308,0.1903057488235639
2018_1209_1314,0.05962281814123425
2018_1209_1326,0.07507180382339614
2018_1209_1328,0.18977373281493468
2018_1209_1335,0.48989972004438803
2018_1209_1344,0.20523674658458918
2018_1209_1345,0.03602423138836929
2018_1209_1347,0.657353904231259
2018_1209_1348,0.12190526975392495
2018_1209_1355,0.30342908872962016
2018_1209_1361,0.2846854393787254
2018_1209_1371,0.14467381208151567
2018_1209_1372,0.5144565249574152
2018_1209_1382,0.2196383498672718
2018_1209_1393,0.2303800453196981
2018_1209_1395,0.11149003509320299
2018_1209_1397,0.05974241824800706
2018_1209_1400,0.18369638845211672
2018_1209_1401,0.12214277645695672
2018_1209_1403,0.08469938470323593
2018_1209_1411,0.8246841773494085
2018_1209_1417,0.19603549557651292
2018_1209_1420,0.6862265081370139
2018_1209_1422,0.3937253736049506
2018_1209_1437,0.02755780338430047
2018_1209_1438,0.022800948747069606
2018_1209_1439,0.222873944887129
2018_1209_1452,0.07792549129757961
2018_1209_1455,0.08724984296567236
2018_1209_1460,0.44763771480353115
2018_1209_1462,0.03810961965692658
2018_1211_1222,0.6641369851948191
2018_1211_1233,0.96233459696182
2018_1211_1242,0.40794208433077095
2018_1211_1243,0.7603587578557106
2018_1211_1246,0.6052725065964227
2018_1211_1252,0.9703817929270049
2018_1211_1254,0.983267894208006
2018_1211_1260,0.7760725995782549
2018_1211_1267,0.9387160415643246
2018_1211_1274,0.8010267462445254
2018_1211_1276,0.5090932725207948
2018_1211_1277,0.38461832338713137
2018_1211_1281,0.7504593997195715
2018_1211_1285,0.9173252918783094
2018_1211_1293,0.9054363375076893
2018_1211_1300,0.9868947144493138
2018_1211_1301,0.8053791028106356
2018_1211_1305,0.6123586121851047
2018_1211_1308,0.7868936855066573
2018_1211_1314,0.4702617630880102
2018_1211_1326,0.6233762904970206
2018_1211_1328,0.7805666450458644
2018_1211_1335,0.9572130642166303
2018_1211_1344,0.8060416141090626
2018_1211_1345,0.37709667069908354
2018_1211_1347,0.9705584238778224
2018_1211_1348,0.7219485478571909
2018_1211_1355,0.8551083291532257
2018_1211_1361,0.8615713853395308
2018_1211_1371,0.7095458264075158
2018_1211_1372,0.9540808679627972
2018_1211_1382,0.8008737504111738
2018_1211_1393,0.7894260212647628
2018_1211_1395,0.7149647116549441
2018_1211_1397,0.5623436539668476
2018_1211_1400,0.7672896335651589
2018_1211_1401,0.7078160005909919
2018_1211_1403,0.6129019511389405
2018_1211_1411,0.9685356991488279
2018_1211_1417,0.7908403023534901
2018_1211_1420,0.9690837517696149
2018_1211_1422,0.9256151558672352
2018_1211_1437,0.2891384793049216
2018_1211_1438,0.23902768348661207
2018_1211_1439,0.7886826436521948
2018_1211_1452,0.599887641379783
2018_1211_1455,0.6544090024147727
2018_1211_1460,0.95671110368558
2018_1211_1462,0.3504426255588615
2018_1222_1233,0.8916481971006837
2018_1222_1242,0.189794506782407
2018_1222_1243,0.4976899364060902
2018_1222_1246,0.3382120570820898
2018_1222_1252,0.9466785091157436
2018_1222_1254,0.975071844393085
2018_1222_1260,0.6006711103038064
2018_1222_1267,0.8039732200857893
2018_1222_1274,0.5637859241619155
2018_1222_1276,0.3290901794499825
2018_1222_1277,0.1833028101557838
2018_1222_1281,0.6495008972593966
2018_1222_1285,0.8045870419238317
2018_1222_1293,0.7836224702026465
2018_1222_1300,0.9838435580148593
2018_1222_1301,0.6268009034079964
2018_1222_1305,0.45582149300795194
2018_1222_1308,0.6063176860183502
2018_1222_1314,0.24441604024561486
2018_1222_1326,0.35858188846450023
2018_1222_1328,0.6091091690175214
2018_1222_1335,0.8613070469917689
2018_1222_1344,0.5803833522090128
2018_1222_1345,0.14780508145956217
2018_1222_1347,0.9475855885532901
2018_1222_1348,0.516741682352361
2018_1222_1355,0.7235102231664537
2018_1222_1361,0.7036170496259404
2018_1222_1371,0.5351995579136938
2018_1222_1372,0.8699034328921255
2018_1222_1382,0.6387644840543095
2018_1222_1393,0.6077778433289013
2018_1222_1395,0.5628278086558413
2018_1222_1397,0.2846854393787254
2018_1222_1400,0.6403781431806727
2018_1222_1401,0.5282718827926013
2018_1222_1403,0.4056885049880261
2018_1222_1411,0.9562359377225509
2018_1222_1417,0.6014343852499904
2018_1222_1420,0.9385585247840433
2018_1222_1422,0.8154004685209234
2018_1222_1437,0.11761621504992223
2018_1222_1438,0.11314376162808931
2018_1222_1439,0.6620185614582963
2018_1222_1452,0.3629798076525681
2018_1222_1455,0.47345727247881453
2018_1222_1460,0.8744854201430192
2018_1222_1462,0.18267997603457678
2018_1233_1242,0.032623612892758475
2018_1233_1243,0.12515729217220797
2018_1233_1246,0.07332430139146859
2018_1233_1252,0.5787760958797336
2018_1233_1254,0.8521831376299422
2018_1233_1260,0.1805176505562344
2018_1233_1267,0.34106569445631946
2018_1233_1274,0.1233755299084262
2018_1233_1276,0.0537941960107369
2018_1233_1277,0.027804781296346184
2018_1233_1281,0.15192527317721544
2018_1233_1285,0.3506374995852973
2018_1233_1293,0.3588187916095122
2018_1233_1300,0.9072568441331492
2018_1233_1301,0.14264794911889989
2018_1233_1305,0.06678864910494942
2018_1233_1308,0.17228832011362066
2018_1233_1314,0.03225656944519585
2018_1233_1326,0.06584923914991732
2018_1233_1328,0.17276054920993994
2018_1233_1335,0.46847254007186767
2018_1233_1344,0.13623773919891696
2018_1233_1345,0.032246800552177345
2018_1233_1347,0.6089578850013302
2018_1233_1348,0.10454439019261037
2018_1233_1355,0.2808247336585115
2018_1233_1361,0.24378250145070793
2018_1233_1371,0.10275042253790845
2018_1233_1372,0.4502080702192317
2018_1233_1382,0.19947986242206234
2018_1233_1393,0.18567808938516325
2018_1233_1395,0.08931806565434824
2018_1233_1397,0.056853601689276514
2018_1233_1400,0.15854071658190347
2018_1233_1401,0.13070758630511495
2018_1233_1403,0.05018706983928109
2018_1233_1411,0.7804201576873327
2018_1233_1417,0.14264794911889989
2018_1233_1420,0.6044989866812588
2018_1233_1422,0.357113420632629
2018_1233_1437,0.028647739256511814
2018_1233_1438,0.023049189874778116
2018_1233_1439,0.1345758556756527
2018_1233_1452,0.0493258003804825
2018_1233_1455,0.07567936689438583
2018_1233_1460,0.4339980716769785
2018_1233_1462,0.03150207208175644
2018_1242_1243,0.8422323277473197
2018_1242_1246,0.6951574207468697
2018_1242_1252,0.9812818610204779
2018_1242_1254,0.9835104349538666
2018_1242_1260,0.8993348379638143
2018_1242_1267,0.9656485995523703
2018_1242_1274,0.8768264874800415
2018_1242_1276,0.6757274057616399
2018_1242_1277,0.5626268972496156
2018_1242_1281,0.8387761176783584
2018_1242_1285,0.9508174867906753
2018_1242_1293,0.9498191598596568
2018_1242_1300,0.9849432052898887
2018_1242_1301,0.8804436879519737
2018_1242_1305,0.7424368111738662
2018_1242_1308,0.8504756848334062
2018_1242_1314,0.5646773719848976
2018_1242_1326,0.6677476117165821
2018_1242_1328,0.8278909918829724
2018_1242_1335,0.9679711021811475
2018_1242_1344,0.839972362030918
2018_1242_1345,0.5225447152350151
2018_1242_1347,0.9814061837722451
2018_1242_1348,0.7862436868035877
2018_1242_1355,0.9154717022528787
2018_1242_1361,0.9153762118189723
2018_1242_1371,0.7942971309374551
2018_1242_1372,0.9661478592444951
2018_1242_1382,0.8592369258359914
2018_1242_1393,0.8777382789209642
2018_1242_1395,0.7690553177384366
2018_1242_1397,0.5729053886687943
2018_1242_1400,0.8330235660316884
2018_1242_1401,0.7982453778703975
2018_1242_1403,0.7035065476734114
2018_1242_1411,0.9852049024591335
2018_1242_1417,0.8824307731867921
2018_1242_1420,0.9768289995914102
2018_1242_1422,0.9648377166710805
2018_1242_1437,0.3999695536543927
2018_1242_1438,0.3560065977591019
2018_1242_1439,0.8780712870996649
2018_1242_1452,0.6726005808643858
2018_1242_1455,0.7435529504654282
2018_1242_1460,0.9689341768361629
2018_1242_1462,0.4943811032575219
2018_1243_1246,0.3175822342853675
2018_1243_1252,0.8805659475526141
2018_1243_1254,0.9760237202481545
2018_1243_1260,0.6396523180783562
2018_1243_1267,0.7451088270525973
2018_1243_1274,0.5383042562111963
2018_1243_1276,0.2770708314745281
2018_1243_1277,0.1758051653736155
2018_1243_1281,0.5556218384390912
2018_1243_1285,0.7332723049846704
2018_1243_1293,0.870622402828007
2018_1243_1300,0.9769959675137335
2018_1243_1301,0.5745133041455806
2018_1243_1305,0.3335063769283823
2018_1243_1308,0.6288316064399712
2018_1243_1314,0.21834597301504965
2018_1243_1326,0.3072044773845718
2018_1243_1328,0.5144207219297315
2018_1243_1335,0.764817908514516
2018_1243_1344,0.5371439387309779
2018_1243_1345,0.13687394102828682
2018_1243_1347,0.9118643426188567
2018_1243_1348,0.49865057839097193
2018_1243_1355,0.6678502492229895
2018_1243_1361,0.6699121792770631
2018_1243_1371,0.49476391744992326
2018_1243_1372,0.8969442259387982
2018_1243_1382,0.640602733612407
2018_1243_1393,0.5526689170005317
2018_1243_1395,0.4618102487837118
2018_1243_1397,0.25639353550296484
2018_1243_1400,0.5139041871255687
2018_1243_1401,0.46408871739499963
2018_1243_1403,0.30955362940964876
2018_1243_1411,0.9664325308676851
2018_1243_1417,0.5652548786435296
2018_1243_1420,0.9478611843007214
2018_1243_1422,0.778643979603071
2018_1243_1437,0.11261285476805528
2018_1243_1438,0.11185814126841752
2018_1243_1439,0.5612895564733246
2018_1243_1452,0.2851848037164086
2018_1243_1455,0.38702517478890747
2018_1243_1460,0.8179261267488965
2018_1243_1462,0.18014295979617362
2018_1246_1252,0.9658710715148253
2018_1246_1254,0.9811380345817653
2018_1246_1260,0.7734509396936713
2018_1246_1267,0.9275829122248369
2018_1246_1274,0.7206197028397673
2018_1246_1276,0.48660876343032383
2018_1246_1277,0.30337848864822786
2018_1246_1281,0.7309598789221521
2018_1246_1285,0.9225219081864752
2018_1246_1293,0.9180531385460263
2018_1246_1300,0.982079821972632
2018_1246_1301,0.750277536654136
2018_1246_1305,0.6105517392797297
2018_1246_1308,0.7302928368227397
2018_1246_1314,0.3723446120364459
2018_1246_1326,0.5158169088709367
2018_1246_1328,0.7058371148464231
2018_1246_1335,0.9335475301108739
2018_1246_1344,0.7047068946285213
2018_1246_1345,0.27412883173495317
2018_1246_1347,0.9670614076515239
2018_1246_1348,0.6523900646856479
2018_1246_1355,0.8587625004250705
2018_1246_1361,0.8194568668822482
2018_1246_1371,0.6424091863708942
2018_1246_1372,0.9349948462629437
2018_1246_1382,0.7333799251324505
2018_1246_1393,0.7107278868378731
2018_1246_1395,0.6239688739649406
2018_1246_1397,0.402527369279162
2018_1246_1400,0.6953578579685956
2018_1246_1401,0.6255533971775059
2018_1246_1403,0.5469832736764747
2018_1246_1411,0.9826605758130165
2018_1246_1417,0.7258775183617867
2018_1246_1420,0.9639601592370313
2018_1246_1422,0.9177548751489142
2018_1246_1437,0.21820969151325048
2018_1246_1438,0.21076630567584848
2018_1246_1439,0.7536796272722746
2018_1246_1452,0.5192751427307027
2018_1246_1455,0.5750325686901818
2018_1246_1460,0.9384133672907982
2018_1246_1462,0.34775725870827
2018_1252_1254,0.7996650618318515
2018_1252_1260,0.1353138675973264
2018_1252_1267,0.308015714341612
2018_1252_1274,0.09091952253423473
2018_1252_1276,0.03794939584416379
2018_1252_1277,0.026837565221447004
2018_1252_1281,0.10855658816920875
2018_1252_1285,0.2422655028083078
2018_1252_1293,0.2436925925672787
2018_1252_1300,0.8704069876962693
2018_1252_1301,0.09690604875048646
2018_1252_1305,0.04166819042094999
2018_1252_1308,0.10188037467585118
2018_1252_1314,0.030585223942559046
2018_1252_1326,0.043333452424035836
2018_1252_1328,0.10713007534577633
2018_1252_1335,0.3909959432318057
2018_1252_1344,0.09507600464250122
2018_1252_1345,0.03212573686920287
2018_1252_1347,0.5194811701035412
2018_1252_1348,0.06650726062508296
2018_1252_1355,0.18593664076356978
2018_1252_1361,0.14670564605575545
2018_1252_1371,0.06193794412760142
2018_1252_1372,0.38850619132350395
2018_1252_1382,0.143674987823703
2018_1252_1393,0.1597938742232489
2018_1252_1395,0.06450160939143096
2018_1252_1397,0.03094255990425707
2018_1252_1400,0.1365885680543509
2018_1252_1401,0.07187316254185737
2018_1252_1403,0.04586775184815543
2018_1252_1411,0.7102474954203903
2018_1252_1417,0.09358988421275533
2018_1252_1420,0.5454355854615598
2018_1252_1422,0.2575719452370997
2018_1252_1437,0.027252566483171804
2018_1252_1438,0.022276730981445055
2018_1252_1439,0.08407748128919575
2018_1252_1452,0.04820680386417125
2018_1252_1455,0.04629569616134251
2018_1252_1460,0.37624605895541136
2018_1252_1462,0.03006419349883129
2018_1254_1260,0.045237200980834565
2018_1254_1267,0.10890228135723759
2018_1254_1274,0.03959785421342958
2018_1254_1276,0.01719397854703798
2018_1254_1277,0.014480677805016502
2018_1254_1281,0.042095074447568916
2018_1254_1285,0.07949811422718518
2018_1254_1293,0.08255124716510934
2018_1254_1300,0.6636648045713827
2018_1254_1301,0.03311919130742236
2018_1254_1305,0.027356872361841342
2018_1254_1308,0.032324372478244434
2018_1254_1314,0.022972824088120642
2018_1254_1326,0.02575783946134661
2018_1254_1328,0.04444200825718766
2018_1254_1335,0.13475593974443031
2018_1254_1344,0.03645886810364353
2018_1254_1345,0.017894204553636196
2018_1254_1347,0.2444618800752174
2018_1254_1348,0.03209223744231345
2018_1254_1355,0.05640741607749755
2018_1254_1361,0.0493258003804825
2018_1254_1371,0.03311919130742236
2018_1254_1372,0.1613173753483013
2018_1254_1382,0.03652390762363693
2018_1254_1393,0.04116760693039258
2018_1254_1395,0.03453393649367484
2018_1254_1397,0.023723850832593447
2018_1254_1400,0.042095074447568916
2018_1254_1401,0.043411334145083774
2018_1254_1403,0.025711108569879824
2018_1254_1411,0.4072692681263153
2018_1254_1417,0.03311919130742236
2018_1254_1420,0.27692912251248025
2018_1254_1422,0.10505480170555562
2018_1254_1437,0.014142732459106156
2018_1254_1438,0.014564011894332034
2018_1254_1439,0.045029571991647165
2018_1254_1452,0.02599813679006889
2018_1254_1455,0.029806922865619857
2018_1254_1460,0.16073136415926467
2018_1254_1462,0.018062501395406563
2018_1260_1267,0.7446573495426654
2018_1260_1274,0.5491788801840328
2018_1260_1276,0.23363398351626713
2018_1260_1277,0.08323287240224601
2018_1260_1281,0.5309746194096587
2018_1260_1285,0.6815356962358401
2018_1260_1293,0.7117909852032128
2018_1260_1300,0.9769469500630081
2018_1260_1301,0.5488063688157004
2018_1260_1305,0.29574098032029295
2018_1260_1308,0.527612663086261
2018_1260_1314,0.15383139563986514
2018_1260_1326,0.29258358513679034
2018_1260_1328,0.5210951509308767
2018_1260_1335,0.7375070502184192
2018_1260_1344,0.5215123232357722
2018_1260_1345,0.08601414420147514
2018_1260_1347,0.8838126961413831
2018_1260_1348,0.4056885049880261
2018_1260_1355,0.597169669147018
2018_1260_1361,0.6205734034675138
2018_1260_1371,0.4347109761331127
2018_1260_1372,0.8372949468814485
2018_1260_1382,0.525848152790594
2018_1260_1393,0.6046694889701696
2018_1260_1395,0.43832475176810676
2018_1260_1397,0.1656980370582543
2018_1260_1400,0.5130895679510464
2018_1260_1401,0.48782143452572546
2018_1260_1403,0.29687894648371027
2018_1260_1411,0.9579769915707204
2018_1260_1417,0.513090899786052
2018_1260_1420,0.8836996639001857
2018_1260_1422,0.705873025159543
2018_1260_1437,0.07957041758323728
2018_1260_1438,0.07118412835006803
2018_1260_1439,0.5881606946898444
2018_1260_1452,0.2916208269688362
2018_1260_1455,0.3245676910961771
2018_1260_1460,0.790078331586847
2018_1260_1462,0.11403980502070327
2018_1267_1274,0.26792976600057355
2018_1267_1276,0.08144456702434176
2018_1267_1277,0.037862838302388326
2018_1267_1281,0.2790222810636113
2018_1267_1285,0.5087482420709869
2018_1267_1293,0.5057641652964122
2018_1267_1300,0.9583656552051482
2018_1267_1301,0.2964307577564078
2018_1267_1305,0.11060290233986846
2018_1267_1308,0.2442161463798455
2018_1267_1314,0.05575656238436249
2018_1267_1326,0.08851162568126074
2018_1267_1328,0.3317610881974925
2018_1267_1335,0.572808322739515
2018_1267_1344,0.2712307920523689
2018_1267_1345,0.04049913736660966
2018_1267_1347,0.7403686139377876
2018_1267_1348,0.1667640446788026
2018_1267_1355,0.39243904262526375
2018_1267_1361,0.40112179687268706
2018_1267_1371,0.21266564338790958
2018_1267_1372,0.6537241391123211
2018_1267_1382,0.28878789015632794
2018_1267_1393,0.3080066761474617
2018_1267_1395,0.20019294698512952
2018_1267_1397,0.07470250072252393
2018_1267_1400,0.24701598121523483
2018_1267_1401,0.21560864669991706
2018_1267_1403,0.07914466370791609
2018_1267_1411,0.8652566082693934
2018_1267_1417,0.2964307577564078
2018_1267_1420,0.7405494870935028
2018_1267_1422,0.47572631383296093
2018_1267_1437,0.0367841115978593
2018_1267_1438,0.030086906916047595
2018_1267_1439,0.34262818253524685
2018_1267_1452,0.0668427133308402
2018_1267_1455,0.10856231727547277
2018_1267_1460,0.5970397209195764
2018_1267_1462,0.06191003614992737
2018_1274_1276,0.24490143687792026
2018_1274_1277,0.1603351702272633
2018_1274_1281,0.4691996199770369
2018_1274_1285,0.6959597459418011
2018_1274_1293,0.7219989883875813
2018_1274_1300,0.9771027745062317
2018_1274_1301,0.5148690686775964
2018_1274_1305,0.36043732856228505
2018_1274_1308,0.580022245722201
2018_1274_1314,0.17409595376718284
2018_1274_1326,0.27136707599557414
2018_1274_1328,0.4313488046286621
2018_1274_1335,0.7398835508591523
2018_1274_1344,0.5025305131463236
2018_1274_1345,0.12872730600911275
2018_1274_1347,0.9084879130185787
2018_1274_1348,0.46530949024442103
2018_1274_1355,0.6007370072061785
2018_1274_1361,0.6175500691843373
2018_1274_1371,0.4183789184036713
2018_1274_1372,0.8554278044392308
2018_1274_1382,0.5856493399667346
2018_1274_1393,0.5010391858191418
2018_1274_1395,0.3839459462483691
2018_1274_1397,0.20343228725210563
2018_1274_1400,0.44363594366994086
2018_1274_1401,0.3724304554832022
2018_1274_1403,0.27747701015937504
2018_1274_1411,0.9614677370227128
2018_1274_1417,0.5003261595887787
2018_1274_1420,0.8926078517414655
2018_1274_1422,0.7172220394904503
2018_1274_1437,0.09396707252682313
2018_1274_1438,0.09093763424815056
2018_1274_1439,0.5371789687377436
2018_1274_1452,0.2537658510737195
2018_1274_1455,0.3446134727948533
2018_1274_1460,0.7573075026873838
2018_1274_1462,0.14756224120237046
2018_1276_1277,0.322912606792816
2018_1276_1281,0.7544455602995163
2018_1276_1285,0.8783038455854354
2018_1276_1293,0.9304214831418648
2018_1276_1300,0.9843516811639645
2018_1276_1301,0.7626005188677782
2018_1276_1305,0.5792045678655092
2018_1276_1308,0.7435529504654282
2018_1276_1314,0.41978509048920987
2018_1276_1326,0.5635784774031875
2018_1276_1328,0.7191979738167981
2018_1276_1335,0.9123794867988791
2018_1276_1344,0.7523751066027838
2018_1276_1345,0.2885082923875134
2018_1276_1347,0.9661521406688099
2018_1276_1348,0.6822254931693714
2018_1276_1355,0.8546392217670731
2018_1276_1361,0.833113530653071
2018_1276_1371,0.6832586718334077
2018_1276_1372,0.9506320635740811
2018_1276_1382,0.7862436868035877
2018_1276_1393,0.7864111453755193
2018_1276_1395,0.6664227810463059
2018_1276_1397,0.4865552020832357
2018_1276_1400,0.7199023134380116
2018_1276_1401,0.7116171304373332
2018_1276_1403,0.568209632448856
2018_1276_1411,0.9784063456051042
2018_1276_1417,0.757054416949971
2018_1276_1420,0.9746274470118564
2018_1276_1422,0.8939646392568783
2018_1276_1437,0.22538744206086903
2018_1276_1438,0.24713895697437713
2018_1276_1439,0.7579533374209951
2018_1276_1452,0.5651236534033187
2018_1276_1455,0.6260858313315208
2018_1276_1460,0.9304474590282975
2018_1276_1462,0.3458207559097286
2018_1277_1281,0.865554434950251
2018_1277_1285,0.9505058873576636
2018_1277_1293,0.9583245641175572
2018_1277_1300,0.9869644861588407
2018_1277_1301,0.8581678607163875
2018_1277_1305,0.743918705447613
2018_1277_1308,0.8685931233189713
2018_1277_1314,0.5181692474976065
2018_1277_1326,0.7025773387365255
2018_1277_1328,0.8417992232653748
2018_1277_1335,0.9599035899145049
2018_1277_1344,0.8896396116416568
2018_1277_1345,0.5226182546694653
2018_1277_1347,0.9751264794976223
2018_1277_1348,0.7768728162181499
2018_1277_1355,0.9363545724813409
2018_1277_1361,0.9179178152863666
2018_1277_1371,0.827824783386716
2018_1277_1372,0.9756995037508299
2018_1277_1382,0.8924097650661886
2018_1277_1393,0.8745599155746471
2018_1277_1395,0.7989346278679151
2018_1277_1397,0.5722105757477117
2018_1277_1400,0.8715893587648178
2018_1277_1401,0.8030237495547708
2018_1277_1403,0.7164652601462348
2018_1277_1411,0.9821823552931868
2018_1277_1417,0.8652566082693934
2018_1277_1420,0.9748137097605862
2018_1277_1422,0.9505058873576636
2018_1277_1437,0.4143412265750347
2018_1277_1438,0.34020190037057546
2018_1277_1439,0.8605605386919191
2018_1277_1452,0.7164121948883169
2018_1277_1455,0.7449535479246799
2018_1277_1460,0.9597663479230296
2018_1277_1462,0.4984896980977603
2018_1281_1285,0.8695484689777695
2018_1281_1293,0.8517028456826115
2018_1281_1300,0.9662640982594521
2018_1281_1301,0.5590171375357248
2018_1281_1305,0.2691686907647777
2018_1281_1308,0.6155287035724536
2018_1281_1314,0.1955002602355998
2018_1281_1326,0.2832528041324629
2018_1281_1328,0.4948977248125449
2018_1281_1335,0.8720329733193164
2018_1281_1344,0.5095633009080508
2018_1281_1345,0.1368292602465635
2018_1281_1347,0.9323603906704487
2018_1281_1348,0.37127974137095365
2018_1281_1355,0.6490033388404778
2018_1281_1361,0.6594402466729054
2018_1281_1371,0.3917417722989187
2018_1281_1372,0.8847087482889813
2018_1281_1382,0.6154344856139762
2018_1281_1393,0.5678706346295622
2018_1281_1395,0.3441253044781141
2018_1281_1397,0.24429645155934507
2018_1281_1400,0.5064289528862457
2018_1281_1401,0.3976864158506012
2018_1281_1403,0.29695349563099405
2018_1281_1411,0.9390158323196269
2018_1281_1417,0.5296497905000468
2018_1281_1420,0.9234722431945168
2018_1281_1422,0.8695484689777695
2018_1281_1437,0.09829858304595769
2018_1281_1438,0.08579567015957335
2018_1281_1439,0.5361069070541273
2018_1281_1452,0.29055360590151863
2018_1281_1455,0.34268233508540913
2018_1281_1460,0.8865845915937381
2018_1281_1462,0.15895311850067265
2018_1285_1293,0.5207358663265717
2018_1285_1300,0.9658146894509881
2018_1285_1301,0.3089504102247979
2018_1285_1305,0.13301109260437002
2018_1285_1308,0.3304418490552924
2018_1285_1314,0.0664451514513381
2018_1285_1326,0.13728344692873504
2018_1285_1328,0.30815047491460057
2018_1285_1335,0.5701508137985616
2018_1285_1344,0.27476659353307153
2018_1285_1345,0.04918045360643496
2018_1285_1347,0.7244708652935733
2018_1285_1348,0.19185797416903472
2018_1285_1355,0.41834670735479235
2018_1285_1361,0.40589400118978813
2018_1285_1371,0.22920496074019758
2018_1285_1372,0.6507865769658803
2018_1285_1382,0.33973360082190207
2018_1285_1393,0.3086851872198691
2018_1285_1395,0.1974154547071292
2018_1285_1397,0.07410980050109846
2018_1285_1400,0.3042520133731177
2018_1285_1401,0.19275019471610796
2018_1285_1403,0.14576058688236546
2018_1285_1411,0.8946863438495256
2018_1285_1417,0.30828812179999643
2018_1285_1420,0.7549172097849766
2018_1285_1422,0.52396254881115
2018_1285_1437,0.03693410594223927
2018_1285_1438,0.045896671223430704
2018_1285_1439,0.3505004732292828
2018_1285_1452,0.1479950313351677
2018_1285_1455,0.1408562797725204
2018_1285_1460,0.6316161337661431
2018_1285_1462,0.07704509398005747
2018_1293_1300,0.962615065500766
2018_1293_1301,0.2932103411650611
2018_1293_1305,0.13746345807343954
2018_1293_1308,0.3015823977570445
2018_1293_1314,0.07119331261724098
2018_1293_1326,0.15183415108095727
2018_1293_1328,0.3088125996516909
2018_1293_1335,0.5743208815135946
2018_1293_1344,0.26573436528933475
2018_1293_1345,0.043811284492245646
2018_1293_1347,0.7165859674653063
2018_1293_1348,0.20333463775450367
2018_1293_1355,0.3838213587070176
2018_1293_1361,0.39188453152151687
2018_1293_1371,0.2052264156580705
2018_1293_1372,0.6682555272989475
2018_1293_1382,0.32657152891924496
2018_1293_1393,0.28343951670739187
2018_1293_1395,0.19243839263722406
2018_1293_1397,0.09355068395348816
2018_1293_1400,0.30946269068774457
2018_1293_1401,0.21513775688122191
2018_1293_1403,0.14776059489593688
2018_1293_1411,0.8957129394339359
2018_1293_1417,0.2879127792294041
2018_1293_1420,0.7196033232917369
2018_1293_1422,0.5291886317028207
2018_1293_1437,0.027960584775834577
2018_1293_1438,0.0386542194725458
2018_1293_1439,0.3271560401087074
2018_1293_1452,0.14433436623194154
2018_1293_1455,0.12397383344530268
2018_1293_1460,0.6297543392404538
2018_1293_1462,0.06215679477640255
2018_1300_1301,0.029217489427594008
2018_1300_1305,0.0179393038568853
2018_1300_1308,0.026055372729639478
2018_1300_1314,0.018492018823112133
2018_1300_1326,0.022972824088120642
2018_1300_1328,0.04098718688317536
2018_1300_1335,0.05817929783825616
2018_1300_1344,0.031156333560894735
2018_1300_1345,0.014201132386311266
2018_1300_1347,0.1245283633593398
2018_1300_1348,0.021065519361433492
2018_1300_1355,0.032260283250482656
2018_1300_1361,0.030585223942559046
2018_1300_1371,0.029217489427594008
2018_1300_1372,0.07656173298472752
2018_1300_1382,0.02786943287804669
2018_1300_1393,0.03329283341480575
2018_1300_1395,0.030379256123776743
2018_1300_1397,0.019733598916919982
2018_1300_1400,0.04186502381937418
2018_1300_1401,0.03311919130742236
2018_1300_1403,0.022972824088120642
2018_1300_1411,0.262152854820767
2018_1300_1417,0.02912957962190507
2018_1300_1420,0.141144962081215
2018_1300_1422,0.050126600883574554
2018_1300_1437,0.014142732459106156
2018_1300_1438,0.012674363734267346
2018_1300_1439,0.030946642536035494
2018_1300_1452,0.021871303234156748
2018_1300_1455,0.018435767051265435
2018_1300_1460,0.06954567848081444
2018_1300_1462,0.01424465082219534
2018_1301_1305,0.2902035896493559
2018_1301_1308,0.541653207992213
2018_1301_1314,0.17741674407878122
2018_1301_1326,0.2686866840001001
2018_1301_1328,0.4329735924862175
2018_1301_1335,0.737644664445723
2018_1301_1344,0.49206139906368074
2018_1301_1345,0.12175438409537492
2018_1301_1347,0.8958677561457767
2018_1301_1348,0.3797223530153957
2018_1301_1355,0.6298465435654496
2018_1301_1361,0.5990341691312545
2018_1301_1371,0.4331315799844417
2018_1301_1372,0.887869051611474
2018_1301_1382,0.5894511984231007
2018_1301_1393,0.5121537531051271
2018_1301_1395,0.381668675207594
2018_1301_1397,0.20362540640037297
2018_1301_1400,0.4312049718496147
2018_1301_1401,0.35839771576384394
2018_1301_1403,0.2682232229326363
2018_1301_1411,0.9503898683118265
2018_1301_1417,0.5190674324347567
2018_1301_1420,0.9110498076912287
2018_1301_1422,0.6945445775561353
2018_1301_1437,0.08389445929708501
2018_1301_1438,0.1012106388562183
2018_1301_1439,0.532136774222297
2018_1301_1452,0.2622065919272376
2018_1301_1455,0.3226357630540722
2018_1301_1460,0.7494748551132085
2018_1301_1462,0.16135971459650392
2018_1305_1308,0.6942452345362158
2018_1305_1314,0.30792311529363264
2018_1305_1326,0.45052560927877927
2018_1305_1328,0.6809659655526176
2018_1305_1335,0.8974102300332669
2018_1305_1344,0.672654690315515
2018_1305_1345,0.24373977883738815
2018_1305_1347,0.9601428491328882
2018_1305_1348,0.5959012995374698
2018_1305_1355,0.8238285304733826
2018_1305_1361,0.7881598492650662
2018_1305_1371,0.614366392133167
2018_1305_1372,0.9218364809757496
2018_1305_1382,0.7445345848021636
2018_1305_1393,0.7279501611196278
2018_1305_1395,0.611880248855289
2018_1305_1397,0.3626248790535795
2018_1305_1400,0.6779095790205342
2018_1305_1401,0.670523872555846
2018_1305_1403,0.5145013824087317
2018_1305_1411,0.975176670386786
2018_1305_1417,0.6956636870825491
2018_1305_1420,0.9560407532883165
2018_1305_1422,0.8715517228456597
2018_1305_1437,0.17730746076020462
2018_1305_1438,0.16618529961077425
2018_1305_1439,0.7107136320642248
2018_1305_1452,0.48963283611605957
2018_1305_1455,0.5541431876994046
2018_1305_1460,0.9060757921676282
2018_1305_1462,0.2932419692399637
2018_1308_1314,0.17636634363515416
2018_1308_1326,0.2609978873169111
2018_1308_1328,0.4994852265601626
2018_1308_1335,0.7831907777029876
2018_1308_1344,0.4342710430266657
2018_1308_1345,0.1006391337604994
2018_1308_1347,0.8809112417491182
2018_1308_1348,0.4385639910441996
2018_1308_1355,0.6291797377201714
2018_1308_1361,0.5750133133677281
2018_1308_1371,0.3623248074467103
2018_1308_1372,0.7988659584042781
2018_1308_1382,0.5221986506440117
2018_1308_1393,0.5420358788450819
2018_1308_1395,0.3469878913215492
2018_1308_1397,0.21294064231118162
2018_1308_1400,0.496436381219117
2018_1308_1401,0.4277152136761458
2018_1308_1403,0.27902656825406713
2018_1308_1411,0.9404787846468938
2018_1308_1417,0.466476887927989
2018_1308_1420,0.9148327776557245
2018_1308_1422,0.7221247743202752
2018_1308_1437,0.07855248441435954
2018_1308_1438,0.08650145099706301
2018_1308_1439,0.5116693143560372
2018_1308_1452,0.24915349394060887
2018_1308_1455,0.34709610736729085
2018_1308_1460,0.7980775438725459
2018_1308_1462,0.1432036474604503
2018_1314_1326,0.6152711628992656
2018_1314_1328,0.7978753679890801
2018_1314_1335,0.9597168308012087
2018_1314_1344,0.7824723925597157
2018_1314_1345,0.42966091391472877
2018_1314_1347,0.9763075547064872
2018_1314_1348,0.7678166605483567
2018_1314_1355,0.9030414167831516
2018_1314_1361,0.8811358056611875
2018_1314_1371,0.7062032885393237
2018_1314_1372,0.9537660972065467
2018_1314_1382,0.8247571642845198
2018_1314_1393,0.840049149141948
2018_1314_1395,0.6835614181114386
2018_1314_1397,0.5366401692771524
2018_1314_1400,0.7925230583117482
2018_1314_1401,0.7376140779875983
2018_1314_1403,0.6279103635025539
2018_1314_1411,0.9838131154053112
2018_1314_1417,0.8280012295390662
2018_1314_1420,0.9691330732681916
2018_1314_1422,0.9529957993865217
2018_1314_1437,0.3192234734273119
2018_1314_1438,0.2724492361756311
2018_1314_1439,0.8272159474052633
2018_1314_1452,0.6297947094940962
2018_1314_1455,0.6774274141310042
2018_1314_1460,0.9595789764886589
2018_1314_1462,0.4277022343083385
2018_1326_1328,0.6850714813834491
2018_1326_1335,0.9328264187951322
2018_1326_1344,0.7264311858716751
2018_1326_1345,0.2949289832887516
2018_1326_1347,0.967916899235324
2018_1326_1348,0.6542164585139455
2018_1326_1355,0.822950692268888
2018_1326_1361,0.8410051270428798
2018_1326_1371,0.6223754392070815
2018_1326_1372,0.95222689851636
2018_1326_1382,0.715277096467112
2018_1326_1393,0.734254508105346
2018_1326_1395,0.6117580127752446
2018_1326_1397,0.3794983722057333
2018_1326_1400,0.6993805777257733
2018_1326_1401,0.5902597793813543
2018_1326_1403,0.5424669348965068
2018_1326_1411,0.9750252933332526
2018_1326_1417,0.7282152145590879
2018_1326_1420,0.9653209882225332
2018_1326_1422,0.9328760186532019
2018_1326_1437,0.22196127959688594
2018_1326_1438,0.20265286529654963
2018_1326_1439,0.7300701555598581
2018_1326_1452,0.5031499891343152
2018_1326_1455,0.5441907502742254
2018_1326_1460,0.95099464941487
2018_1326_1462,0.31329821685442394
2018_1328_1335,0.8809164296114558
2018_1328_1344,0.46406758802959314
2018_1328_1345,0.14584130389483801
2018_1328_1347,0.9285518813475074
2018_1328_1348,0.3709254871608826
2018_1328_1355,0.6358703686381559
2018_1328_1361,0.6583377164980263
2018_1328_1371,0.4331488104313516
2018_1328_1372,0.8486478333588124
2018_1328_1382,0.5631386625993005
2018_1328_1393,0.5449937170386795
2018_1328_1395,0.3901886040232634
2018_1328_1397,0.22827163317067106
2018_1328_1400,0.4503599793379039
2018_1328_1401,0.37085492601667935
2018_1328_1403,0.30511499321570096
2018_1328_1411,0.9500889395763182
2018_1328_1417,0.5856493399667346
2018_1328_1420,0.923002829480178
2018_1328_1422,0.8357222683705263
2018_1328_1437,0.09455690288761874
2018_1328_1438,0.0962627076959189
2018_1328_1439,0.570525912658616
2018_1328_1452,0.27785694908855735
2018_1328_1455,0.32968635572848337
2018_1328_1460,0.8599387763349003
2018_1328_1462,0.19952277640020202
2018_1335_1344,0.22529986753434084
2018_1335_1345,0.043189878986382824
2018_1335_1347,0.6463418775704731
2018_1335_1348,0.10659962531178235
2018_1335_1355,0.3347867574966629
2018_1335_1361,0.3612989526970191
2018_1335_1371,0.1556505185386347
2018_1335_1372,0.54117631184413
2018_1335_1382,0.2425370748506997
2018_1335_1393,0.26659007615673924
2018_1335_1395,0.15299251392820817
2018_1335_1397,0.06386995950423595
2018_1335_1400,0.1971933444978891
2018_1335_1401,0.1566740422847925
2018_1335_1403,0.06962137628887356
2018_1335_1411,0.8441155842986269
2018_1335_1417,0.2554976075633425
2018_1335_1420,0.7059818596215781
2018_1335_1422,0.4370484725313468
2018_1335_1437,0.032700628517826874
2018_1335_1438,0.02937674834127985
2018_1335_1439,0.2512637611296238
2018_1335_1452,0.06962137628887356
2018_1335_1455,0.09057562594127896
2018_1335_1460,0.5279717816383535
2018_1335_1462,0.03870038701424995
2018_1344_1345,0.1117146084109761
2018_1344_1347,0.9048092330069767
2018_1344_1348,0.42252096829281655
2018_1344_1355,0.6809835864494789
2018_1344_1361,0.6292014759727892
2018_1344_1371,0.4238689190934694
2018_1344_1372,0.8862677836419902
2018_1344_1382,0.6158487175831058
2018_1344_1393,0.5652460364895285
2018_1344_1395,0.4075989140852406
2018_1344_1397,0.20422660343462978
2018_1344_1400,0.5009933433922981
2018_1344_1401,0.44525295841668594
2018_1344_1403,0.2742200091879758
2018_1344_1411,0.9542365790978158
2018_1344_1417,0.5641551171692636
2018_1344_1420,0.9339910083787536
2018_1344_1422,0.8691019744167245
2018_1344_1437,0.08212858892583862
2018_1344_1438,0.09292275244223118
2018_1344_1439,0.5666224194941911
2018_1344_1452,0.24051938068104425
2018_1344_1455,0.34808231912218524
2018_1344_1460,0.8886757893439162
2018_1344_1462,0.16482111492181745
2018_1345_1347,0.972284651672137
2018_1345_1348,0.8148093106264737
2018_1345_1355,0.9278501259406411
2018_1345_1361,0.950432112620773
2018_1345_1371,0.8378267313995019
2018_1345_1372,0.9699757365528558
2018_1345_1382,0.911997170653636
2018_1345_1393,0.8912393341886489
2018_1345_1395,0.8340035181263243
2018_1345_1397,0.6393900245773082
2018_1345_1400,0.861292062315894
2018_1345_1401,0.8043669641861879
2018_1345_1403,0.6952003152269384
2018_1345_1411,0.9823100448173092
2018_1345_1417,0.8855884951803711
2018_1345_1420,0.9761196325578868
2018_1345_1422,0.9678061653032417
2018_1345_1437,0.36949141965221166
2018_1345_1438,0.37609497524905044
2018_1345_1439,0.883230267804109
2018_1345_1452,0.6641369851948191
2018_1345_1455,0.791586418340098
2018_1345_1460,0.9749269734649395
2018_1345_1462,0.5751469675427994
2018_1347_1348,0.04658554792267754
2018_1347_1355,0.17384408810774477
2018_1347_1361,0.13588597045962234
2018_1347_1371,0.05693027177230224
2018_1347_1372,0.3994690663270768
2018_1347_1382,0.11593359366917644
2018_1347_1393,0.14642358608253764
2018_1347_1395,0.05703812552770649
2018_1347_1397,0.030585223942559046
2018_1347_1400,0.12969190188402396
2018_1347_1401,0.07144942705239722
2018_1347_1403,0.046717808338176195
2018_1347_1411,0.6714492031510726
2018_1347_1417,0.08750993626346332
2018_1347_1420,0.4813429883995562
2018_1347_1422,0.26948255112288194
2018_1347_1437,0.024974540469649597
2018_1347_1438,0.022980325923519354
2018_1347_1439,0.08057729880507644
2018_1347_1452,0.04466188097966307
2018_1347_1455,0.04249540561822792
2018_1347_1460,0.36603281581538555
2018_1347_1462,0.02798370216051815
2018_1348_1355,0.7388836321651886
2018_1348_1361,0.6844583225662826
2018_1348_1371,0.47455772424318876
2018_1348_1372,0.8940688836579285
2018_1348_1382,0.6390191315724326
2018_1348_1393,0.6143867753304959
2018_1348_1395,0.4822079395127946
2018_1348_1397,0.2560984400942279
2018_1348_1400,0.5912434361795333
2018_1348_1401,0.5495584109010314
2018_1348_1403,0.43014956722371517
2018_1348_1411,0.9678237466074948
2018_1348_1417,0.5550260258830149
2018_1348_1420,0.9253791473916242
2018_1348_1422,0.7973552567598701
2018_1348_1437,0.12151654030937858
2018_1348_1438,0.12309358677876882
2018_1348_1439,0.6051144059042805
2018_1348_1452,0.38056344962066624
2018_1348_1455,0.4684912483179708
2018_1348_1460,0.8679458881607242
2018_1348_1462,0.20142188462925759
2018_1355_1361,0.5156893283998729
2018_1355_1371,0.3018997925455191
2018_1355_1372,0.7115056615269492
2018_1355_1382,0.41289160446708834
2018_1355_1393,0.415160771767204
2018_1355_1395,0.286370075671632
2018_1355_1397,0.10263606438391076
2018_1355_1400,0.42089311264194773
2018_1355_1401,0.3142189667811119
2018_1355_1403,0.18839915930186402
2018_1355_1411,0.9113048120371366
2018_1355_1417,0.38186820942666344
2018_1355_1420,0.8271929123664913
2018_1355_1422,0.6225840100526541
2018_1355_1437,0.04324714860398464
2018_1355_1438,0.049840381233914224
2018_1355_1439,0.4407208425023122
2018_1355_1452,0.18983534959946974
2018_1355_1455,0.21126011660171193
2018_1355_1460,0.702034678448337
2018_1355_1462,0.09002944974022899
2018_1361_1371,0.28715177337113
2018_1361_1372,0.7265005304492683
2018_1361_1382,0.3983631109544678
2018_1361_1393,0.4156871983606915
2018_1361_1395,0.28048797932495434
2018_1361_1397,0.1277057464231535
2018_1361_1400,0.3168537619575846
2018_1361_1401,0.2746657714802189
2018_1361_1403,0.1869560282443539
2018_1361_1411,0.9368254140150433
2018_1361_1417,0.42253403071734286
2018_1361_1420,0.8303766582839313
2018_1361_1422,0.6629169563442854
2018_1361_1437,0.05080113146763733
2018_1361_1438,0.057655247673615226
2018_1361_1439,0.4158935390348662
2018_1361_1452,0.1586342183813839
2018_1361_1455,0.24731587760077456
2018_1361_1460,0.6857520615414306
2018_1361_1462,0.09904244940965527
2018_1371_1372,0.8945395533311831
2018_1371_1382,0.6818483320047823
2018_1371_1393,0.6149712267392082
2018_1371_1395,0.4696252031541624
2018_1371_1397,0.29969570202203605
2018_1371_1400,0.5403157284234089
2018_1371_1401,0.5103446528517943
2018_1371_1403,0.37967469007968846
2018_1371_1411,0.9599035899145049
2018_1371_1417,0.6178107236521001
2018_1371_1420,0.9510772128975852
2018_1371_1422,0.8875726778760855
2018_1371_1437,0.13261126543035648
2018_1371_1438,0.13577351126602685
2018_1371_1439,0.6156248303266264
2018_1371_1452,0.3591732834186866
2018_1371_1455,0.4281572871342069
2018_1371_1460,0.905239517160293
2018_1371_1462,0.22750516678295624
2018_1372_1382,0.18535902156472267
2018_1372_1393,0.20576049098971835
2018_1372_1395,0.15879522572757013
2018_1372_1397,0.047698096362136864
2018_1372_1400,0.2787467942083074
2018_1372_1401,0.18439147871371914
2018_1372_1403,0.07190102616618026
2018_1372_1411,0.8095303310808003
2018_1372_1417,0.18369638845211672
2018_1372_1420,0.6415594845177303
2018_1372_1422,0.41328376610659384
2018_1372_1437,0.026478527521358586
2018_1372_1438,0.02538085444350443
2018_1372_1439,0.22615572603199513
2018_1372_1452,0.07580306606317214
2018_1372_1455,0.08700555582559025
2018_1372_1460,0.470516312573957
2018_1372_1462,0.03499591772736068
2018_1382_1393,0.5414604434519994
2018_1382_1395,0.39375163627416465
2018_1382_1397,0.16943469441256187
2018_1382_1400,0.4713805991404189
2018_1382_1401,0.4223153779591449
2018_1382_1403,0.25673028950536303
2018_1382_1411,0.9438639820141641
2018_1382_1417,0.45176342221636906
2018_1382_1420,0.8818528564384963
2018_1382_1422,0.6808063096173691
2018_1382_1437,0.06075635547310156
2018_1382_1438,0.05845585936665755
2018_1382_1439,0.5354577064916106
2018_1382_1452,0.2549203611962456
2018_1382_1455,0.3421385637909101
2018_1382_1460,0.7939695575488805
2018_1382_1462,0.11469441707701093
2018_1393_1395,0.36352948306772503
2018_1393_1397,0.19947451604107605
2018_1393_1400,0.4905477769090351
2018_1393_1401,0.3686241242076942
2018_1393_1403,0.2822814436877799
2018_1393_1411,0.9508229221885227
2018_1393_1417,0.4629908727246935
2018_1393_1420,0.928151549566491
2018_1393_1422,0.7473815666888128
2018_1393_1437,0.09372807975632047
2018_1393_1438,0.08833933714277561
2018_1393_1439,0.4912255207912151
2018_1393_1452,0.25246637936933153
2018_1393_1455,0.32004161831305905
2018_1393_1460,0.8350067997806909
2018_1393_1462,0.16402724125523047
2018_1395_1397,0.31030536376063755
2018_1395_1400,0.5854039240179862
2018_1395_1401,0.49810437372956495
2018_1395_1403,0.4367614931778355
2018_1395_1411,0.9627407978366236
2018_1395_1417,0.6551898978144036
2018_1395_1420,0.9542621201345053
2018_1395_1422,0.8875125856761503
2018_1395_1437,0.1527495481078238
2018_1395_1438,0.14907740898356875
2018_1395_1439,0.6432567581242873
2018_1395_1452,0.4012683454571429
2018_1395_1455,0.458093468682367
2018_1395_1460,0.9048395988278721
2018_1395_1462,0.2351191579720319
2018_1397_1400,0.7629079810854048
2018_1397_1401,0.6937725082034375
2018_1397_1403,0.63767305895335
2018_1397_1411,0.9827501003035971
2018_1397_1417,0.8197764245648762
2018_1397_1420,0.9692512553781524
2018_1397_1422,0.9361362386400228
2018_1397_1437,0.28350063269195425
2018_1397_1438,0.2693463211072596
2018_1397_1439,0.8088546209207387
2018_1397_1452,0.6013774033815672
2018_1397_1455,0.6619675348250449
2018_1397_1460,0.9581922924484826
2018_1397_1462,0.4094499861615422
2018_1400_1401,0.40073143906183406
2018_1400_1403,0.3265418744214491
2018_1400_1411,0.9557303704584967
2018_1400_1417,0.5788300765978636
2018_1400_1420,0.9235657383405427
2018_1400_1422,0.8544741789914992
2018_1400_1437,0.10003935786488963
2018_1400_1438,0.08519663727151748
2018_1400_1439,0.5597117384384318
2018_1400_1452,0.2867341817096745
2018_1400_1455,0.36474607265246345
2018_1400_1460,0.878155550126736
2018_1400_1462,0.1650904938700327
2018_1401_1403,0.42530750337125917
2018_1401_1411,0.974747361511377
2018_1401_1417,0.6382823180319473
2018_1401_1420,0.9378318845434942
2018_1401_1422,0.8764197569540774
2018_1401_1437,0.16259175460265352
2018_1401_1438,0.12467562895597335
2018_1401_1439,0.6805089252665182
2018_1401_1452,0.40250716244168117
2018_1401_1455,0.4130043589891723
2018_1401_1460,0.918584348342028
2018_1401_1462,0.24022185842495639
2018_1403_1411,0.9735182863725503
2018_1403_1417,0.7144105796084088
2018_1403_1420,0.9615199222496773
2018_1403_1422,0.8852701724381811
2018_1403_1437,0.21669830021162936
2018_1403_1438,0.19201320112310205
2018_1403_1439,0.7080918126162334
2018_1403_1452,0.49545995700750095
2018_1403_1455,0.560669900232289
2018_1403_1460,0.9247180687147961
2018_1403_1462,0.2857868889813886
2018_1411_1417,0.0400861354727566
2018_1411_1420,0.30363526765289367
2018_1411_1422,0.10304571140012415
2018_1411_1437,0.01695630952474459
2018_1411_1438,0.015666904593940628
2018_1411_1439,0.05078177551746654
2018_1411_1452,0.028112159718580963
2018_1411_1455,0.03537302374678155
2018_1411_1460,0.17426182206441354
2018_1411_1462,0.021072280667764884
2018_1417_1420,0.91560809737548
2018_1417_1422,0.7112179498285887
2018_1417_1437,0.08876913488607124
2018_1417_1438,0.10148508314034872
2018_1417_1439,0.5349970602266007
2018_1417_1452,0.2643256644271591
2018_1417_1455,0.32564328354889116
2018_1417_1460,0.750205425993317
2018_1417_1462,0.16730459026225428
2018_1420_1422,0.23860390967835576
2018_1420_1437,0.01841630294718279
2018_1420_1438,0.01900536009276157
2018_1420_1439,0.10631077719656633
2018_1420_1452,0.05204936896744578
2018_1420_1455,0.04466188097966307
2018_1420_1460,0.31173512913832596
2018_1420_1462,0.02483027719958165
2018_1422_1437,0.033187705117791295
2018_1422_1438,0.035586562591705895
2018_1422_1439,0.35556948437326164
2018_1422_1452,0.1298519294475564
2018_1422_1455,0.11381675516990471
2018_1422_1460,0.573512079823265
2018_1422_1462,0.049663746081754
2018_1437_1438,0.4512369191986324
2018_1437_1439,0.9041976779176896
2018_1437_1452,0.7766064105763011
2018_1437_1455,0.8560917992892879
2018_1437_1460,0.9810237748049649
2018_1437_1462,0.6162262997841902
2018_1438_1439,0.9228854324911928
2018_1438_1452,0.802628881200451
2018_1438_1455,0.8257325176654369
2018_1438_1460,0.9824936587710446
2018_1438_1462,0.6290187610231144
2018_1439_1452,0.24949542083332008
2018_1439_1455,0.3254027550535466
2018_1439_1460,0.7336353874714697
2018_1439_1462,0.14898999300530996
2018_1452_1455,0.5449159450548792
2018_1452_1460,0.95099464941487
2018_1452_1462,0.32423265241785276
2018_1455_1460,0.9074762943465079
2018_1455_1462,0.2743304974490373
2018_1460_1462,0.030880183938350767
